ID,MATERIAL_CODE,CATEGORY,DISCRIPTION,MANUFACTURER,MODEL,UNIT,UNIT_PRICE
1,LMP-R-01,LED LAMP,"LED LAMP (COMPLETE UNIT), COLOUR: RED, VOLTAGE: 24V AC/DC, TYPE: 3SB52 85-6HC01",SIEMENS,3SB52 85-6HC01,1,500
2,LMP-G-01,LED LAMP,"LED LAMP (COMPLETE UNIT), COLOUR: GREEN, VOLTAGE: 24V AC/DC, TYPE: 3SB52 85-6HE01",SIEMENS,3SB52 85-6HE01,1,500
3,LMP-A-01,LED LAMP,"LED LAMP (COMPLETE UNIT), COLOUR: AMBER, VOLTAGE: 24V AC/DC, TYPE: 3SB52 85-6HL01",SIEMENS,3SB52 85-6HL01,1,500
4,LMP-B-01,LED LAMP,"LED LAMP (COMPLETE UNIT), COLOUR: BLUE, VOLTAGE: 24V AC/DC, TYPE: 3SB52 85-6HF01",SIEMENS,3SB52 85-6HF01,1,500
5,LMP-W-01,LED LAMP,"LED LAMP (COMPLETE UNIT), COLOUR: WHITE, VOLTAGE: 24V AC/DC, TYPE: 3SB52 85-6HG01",SIEMENS,3SB52 85-6HG01,1,500
6,LMP-Y-01,LED LAMP,"LED LAMP (COMPLETE UNIT), COLOUR: YELLOW, VOLTAGE: 24V AC/DC, TYPE: 3SB52 85-6HD01",SIEMENS,3SB52 85-6HD01,1,500
7,LMP-C-01,LED LAMP,"LED LAMP (COMPLETE UNIT), COLOUR: CLEAR, VOLTAGE: 24V AC/DC, TYPE: 3SB52 85-6HH01",SIEMENS,3SB52 85-6HH01,1,500
8,LMP-R-13,LED LAMP,"LED LAMP (COMPLETE UNIT), COLOUR: RED, VOLTAGE: 30V DC, TYPE: 3SB52 85-6HC13",SIEMENS,3SB52 85-6HC13,1,500
9,LMP-G-13,LED LAMP,"LED LAMP (COMPLETE UNIT), COLOUR: GREEN, VOLTAGE: 30V DC, TYPE: 3SB52 85-6HE13",SIEMENS,3SB52 85-6HE13,1,500
10,LMP-A-13,LED LAMP,"LED LAMP (COMPLETE UNIT), COLOUR: AMBER, VOLTAGE: 30V DC, TYPE: 3SB52 85-6HL13",SIEMENS,3SB52 85-6HL13,1,500
11,LMP-B-13,LED LAMP,"LED LAMP (COMPLETE UNIT), COLOUR: BLUE, VOLTAGE: 30V DC, TYPE: 3SB52 85-6HF13",SIEMENS,3SB52 85-6HF13,1,500
12,LMP-W-13,LED LAMP,"LED LAMP (COMPLETE UNIT), COLOUR: WHITE, VOLTAGE: 30V DC, TYPE: 3SB52 85-6HG13",SIEMENS,3SB52 85-6HG13,1,500
13,LMP-Y-13,LED LAMP,"LED LAMP (COMPLETE UNIT), COLOUR: YELLOW, VOLTAGE: 30V DC, TYPE: 3SB52 85-6HD13",SIEMENS,3SB52 85-6HD13,1,500
14,LMP-C-13,LED LAMP,"LED LAMP (COMPLETE UNIT), COLOUR: CLEAR, VOLTAGE: 30V DC, TYPE: 3SB52 85-6HH13",SIEMENS,3SB52 85-6HH13,1,500
15,LMP-R-02,LED LAMP,"LED LAMP (COMPLETE UNIT), COLOUR: RED, VOLTAGE: 110V AC, TYPE: 3SB52 85-6HC02",SIEMENS,3SB52 85-6HC02,1,500
16,LMP-G-02,LED LAMP,"LED LAMP (COMPLETE UNIT), COLOUR: GREEN, VOLTAGE: 110V AC, TYPE: 3SB52 85-6HE02",SIEMENS,3SB52 85-6HE02,1,500
17,LMP-A-02,LED LAMP,"LED LAMP (COMPLETE UNIT), COLOUR: AMBER, VOLTAGE: 110V AC, TYPE: 3SB52 85-6HL02",SIEMENS,3SB52 85-6HL02,1,500
18,LMP-B-02,LED LAMP,"LED LAMP (COMPLETE UNIT), COLOUR: BLUE, VOLTAGE: 110V AC, TYPE: 3SB52 85-6HF02",SIEMENS,3SB52 85-6HF02,1,500
19,LMP-W-02,LED LAMP,"LED LAMP (COMPLETE UNIT), COLOUR: WHITE, VOLTAGE: 110V AC, TYPE: 3SB52 85-6HG02",SIEMENS,3SB52 85-6HG02,1,500
20,LMP-Y-02,LED LAMP,"LED LAMP (COMPLETE UNIT), COLOUR: YELLOW, VOLTAGE: 110V AC, TYPE: 3SB52 85-6HD02",SIEMENS,3SB52 85-6HD02,1,500
21,LMP-C-02,LED LAMP,"LED LAMP (COMPLETE UNIT), COLOUR: CLEAR, VOLTAGE: 110V AC, TYPE: 3SB52 85-6HH02",SIEMENS,3SB52 85-6HH02,1,500
22,LMP-R-04,LED LAMP,"LED LAMP (COMPLETE UNIT), COLOUR: RED, VOLTAGE: 110V DC, TYPE: 3SB52 85-6HC04",SIEMENS,3SB52 85-6HC04,1,500
23,LMP-G-04,LED LAMP,"LED LAMP (COMPLETE UNIT), COLOUR: GREEN, VOLTAGE: 110V DC, TYPE: 3SB52 85-6HE04",SIEMENS,3SB52 85-6HE04,1,500
24,LMP-A-04,LED LAMP,"LED LAMP (COMPLETE UNIT), COLOUR: AMBER, VOLTAGE: 110V DC, TYPE: 3SB52 85-6HL04",SIEMENS,3SB52 85-6HL04,1,500
25,LMP-B-04,LED LAMP,"LED LAMP (COMPLETE UNIT), COLOUR: BLUE, VOLTAGE: 110V DC, TYPE: 3SB52 85-6HF04",SIEMENS,3SB52 85-6HF04,1,500
26,LMP-W-04,LED LAMP,"LED LAMP (COMPLETE UNIT), COLOUR: WHITE, VOLTAGE: 110V DC, TYPE: 3SB52 85-6HG04",SIEMENS,3SB52 85-6HG04,1,500
27,LMP-Y-04,LED LAMP,"LED LAMP (COMPLETE UNIT), COLOUR: YELLOW, VOLTAGE: 110V DC, TYPE: 3SB52 85-6HD04",SIEMENS,3SB52 85-6HD04,1,500
28,LMP-C-04,LED LAMP,"LED LAMP (COMPLETE UNIT), COLOUR: CLEAR, VOLTAGE: 110V DC, TYPE: 3SB52 85-6HH04",SIEMENS,3SB52 85-6HH04,1,500
29,LMP-R-09,LED LAMP,"LED LAMP (COMPLETE UNIT), COLOUR: RED, VOLTAGE: 220/240V AC, TYPE: 3SB52 85-6HC09",SIEMENS,3SB52 85-6HC09,1,500
30,LMP-G-09,LED LAMP,"LED LAMP (COMPLETE UNIT), COLOUR: GREEN, VOLTAGE: 220/240V AC, TYPE: 3SB52 85-6HE09",SIEMENS,3SB52 85-6HE09,1,500
31,LMP-A-09,LED LAMP,"LED LAMP (COMPLETE UNIT), COLOUR: AMBER, VOLTAGE: 220/240V AC, TYPE: 3SB52 85-6HL09",SIEMENS,3SB52 85-6HL09,1,500
32,LMP-B-09,LED LAMP,"LED LAMP (COMPLETE UNIT), COLOUR: BLUE, VOLTAGE: 220/240V AC, TYPE: 3SB52 85-6HF09",SIEMENS,3SB52 85-6HF09,1,500
33,LMP-W-09,LED LAMP,"LED LAMP (COMPLETE UNIT), COLOUR: WHITE, VOLTAGE: 220/240V AC, TYPE: 3SB52 85-6HG09",SIEMENS,3SB52 85-6HG09,1,500
34,LMP-Y-09,LED LAMP,"LED LAMP (COMPLETE UNIT), COLOUR: YELLOW, VOLTAGE: 220/240V AC, TYPE: 3SB52 85-6HD09",SIEMENS,3SB52 85-6HD09,1,500
35,LMP-C-09,LED LAMP,"LED LAMP (COMPLETE UNIT), COLOUR: CLEAR, VOLTAGE: 220/240V AC, TYPE: 3SB52 85-6HH09",SIEMENS,3SB52 85-6HH09,1,500
36,LMP-R-05,LED LAMP,"LED LAMP (COMPLETE UNIT), COLOUR: RED, VOLTAGE: 220V DC, TYPE: 3SB52 85-6HC05",SIEMENS,3SB52 85-6HC05,1,500
37,LMP-G-05,LED LAMP,"LED LAMP (COMPLETE UNIT), COLOUR: GREEN, VOLTAGE: 220V DC, TYPE: 3SB52 85-6HE05",SIEMENS,3SB52 85-6HE05,1,500
38,LMP-A-05,LED LAMP,"LED LAMP (COMPLETE UNIT), COLOUR: AMBER, VOLTAGE: 220V DC, TYPE: 3SB52 85-6HL05",SIEMENS,3SB52 85-6HL05,1,500
39,LMP-B-05,LED LAMP,"LED LAMP (COMPLETE UNIT), COLOUR: BLUE, VOLTAGE: 220V DC, TYPE: 3SB52 85-6HF05",SIEMENS,3SB52 85-6HF05,1,500
40,LMP-W-05,LED LAMP,"LED LAMP (COMPLETE UNIT), COLOUR: WHITE, VOLTAGE: 220V DC, TYPE: 3SB52 85-6HG05",SIEMENS,3SB52 85-6HG05,1,500
41,LMP-Y-05,LED LAMP,"LED LAMP (COMPLETE UNIT), COLOUR: YELLOW, VOLTAGE: 220V DC, TYPE: 3SB52 85-6HD05",SIEMENS,3SB52 85-6HD05,1,500
42,LMP-C-05,LED LAMP,"LED LAMP (COMPLETE UNIT), COLOUR: CLEAR, VOLTAGE: 220V DC, TYPE: 3SB52 85-6HH05",SIEMENS,3SB52 85-6HH05,1,500
43,LMP-R-14,LED LAMP,"LED LAMP (COMPLETE UNIT), COLOUR: RED, VOLTAGE: 42 to 240V AC & 42 to 220V DC, TYPE: 3SB52 35-6HC14",SIEMENS,3SB52 35-6HC14,1,500
44,LMP-G-14,LED LAMP,"LED LAMP (COMPLETE UNIT), COLOUR: GREEN, VOLTAGE: 42 to 240V AC & 42 to 220V DC, TYPE: 3SB52 35-6HE14",SIEMENS,3SB52 35-6HE14,1,500
45,LMP-A-14,LED LAMP,"LED LAMP (COMPLETE UNIT), COLOUR: AMBER, VOLTAGE: 42 to 240V AC & 42 to 220V DC, TYPE: 3SB52 35-6HL14",SIEMENS,3SB52 35-6HL14,1,500
46,LMP-B-14,LED LAMP,"LED LAMP (COMPLETE UNIT), COLOUR: BLUE, VOLTAGE: 42 to 240V AC & 42 to 220V DC, TYPE: 3SB52 35-6HF14",SIEMENS,3SB52 35-6HF14,1,500
47,LMP-W-14,LED LAMP,"LED LAMP (COMPLETE UNIT), COLOUR: WHITE, VOLTAGE: 42 to 240V AC & 42 to 220V DC, TYPE: 3SB52 35-6HG14",SIEMENS,3SB52 35-6HG14,1,500
48,LMP-Y-14,LED LAMP,"LED LAMP (COMPLETE UNIT), COLOUR: YELLOW, VOLTAGE: 42 to 240V AC & 42 to 220V DC, TYPE: 3SB52 35-6HD14",SIEMENS,3SB52 35-6HD14,1,500
49,LMP-C-14,LED LAMP,"LED LAMP (COMPLETE UNIT), COLOUR: CLEAR, VOLTAGE: 42 to 240V AC & 42 to 220V DC, TYPE: 3SB52 35-6HH14",SIEMENS,3SB52 35-6HH14,1,500